Agency,Reason Rejected
"יש נדל""ן (Yesh Nadlan)","Has a fully built, modern professional website (yeshnadlan.co.il) with listings, about page, sold-price data — Good website, reject."
"Nadlan TLV (נדל""ן TLV)","Has an active professional website (nadlantlv.co.il) plus an X/Twitter presence — Good website, reject."
ג'וזף תיווך יפו תל אביב,"Has an official website (joseph-real.co.il) with property listings, Instagram, and business email — Good website, reject."
תיווך לב תל אביב / Lev TLV,"Operates under levtlv.co.il, a polished boutique luxury-brokerage website — Good website, reject."
אלטשולר ניהול נכסים,"30-year-old firm with an established website (telavivit.co.il / altlv.co.il) — Good website, reject."
"סורלה קטורזה נדל""ן / נכסים","Has a dedicated boutique-agency website (sorelakatorza.com) — Good website, reject."
"ישראהום נדל""ן (Sarit Yaakovi)","30-year family agency with an active website (israhome.co.il) — Good website, reject."
"זמיר נדל""ן","Has a full website (zamirnadlan.co.il) and is actually headquartered/focused on Holon, not primarily Tel Aviv or Ramat Gan — Good website + wrong core city, reject."
Nehasim - נכסים (Givatayim),"Has an active website (nehasim.net) with blog content and listings — Good website, reject."
"אופק נדל""ן (Tel Baruch)","18-year-old agency with a full website (ofeknadlan.co.il) — Good website, reject."
"חגית סוכנות נדל""ן","Actually headquartered in Petach Tikva, not Tel Aviv/Ramat Gan as the name implied — wrong city, reject."
Real4U (שירה פרנקל),"Has an established website (real4u.co.il) with active project pages — Good website, reject."
Open House (בית פתוח) Tel Aviv,"Full professional website (open-house.co.il) with team page, testimonials, blog — Good website, reject."
טינר בן דוד (Ramat Gan/Givatayim),"Has a professional personal-brand website (tinar.co.il) plus YouTube/Instagram — Good website, reject."
טלי עמית / LIVIN (Ramat Gan),"Profile is hosted and marketed on a professional agency website (livin.co.il) with testimonials — Good website, reject."
"רובין נכסים (Yaki Rubin, Ramat Gan/Givatayim)","Has an active company website (rubinholdings.com) — Good website, reject."
"ירדני נדל""ן מרום נווה (Ramat Gan)","35-year agency with a full multi-page website (yardeninadlan.com) — Good website, reject."
לידרס נדלן,"Actually headquartered and focused on Herzliya, not Ramat Gan/Tel Aviv, and has a professional website (a-leaders.co.il) — wrong city + good website, reject."
אדוה תיווך עם חיוך (Givatayim),"Has a dedicated website (adva-koren.com) — Good website, reject."
"רומנו מזרחי תיווך ושיווק נדל""ן (Givatayim)","Has a dedicated company website (romanomizrahi.com) — Good website, reject."
"Expert שיווק נדל""ן (Barak Brenner, Ramat Gan)","Has an active project-marketing website (barak-nadlan.com) — Good website, reject; also primarily a project-marketing firm rather than a residential brokerage with an owner's own listing flow."
RE/MAX Win Tel Aviv,"National RE/MAX franchise — has corporate website and brand infrastructure; also decision authority sits with franchise/corporate, not an accessible independent owner."
אנגלו סכסון רמת גן וגבעתיים,National Anglo-Saxon franchise with an established corporate website and brand — not an independent prospect fitting the ICP.
Yokra Estate (יוקרה אסטייט),Nationwide luxury brokerage brand/network rather than a single accessible independent owner in Tel Aviv/Ramat Gan; insufficient evidence of a single decision-maker to approach.
IamHome TLV,No individual owner/lead-agent name could be verified after available research; scored below the 65-point qualification threshold on decision-authority evidence.
"T.A נכסים ויזמות נדל""ן (Ramat Gan/Givatayim/Tel Aviv)","Facebook page confirms active listings across all three cities, but no individual owner/lead-agent name surfaced and remaining research budget was exhausted before deeper verification was possible; scored below the 65-point threshold on decision-authority evidence."
רפי נכסים (Ramat Gan),"Has an active website (rafinadlan.com) — Good website, reject."
L&D נכסים,"Based in Bnei Brak, not Tel Aviv or Ramat Gan — wrong city, reject."
סטוקהאוס נכסים (Ramat Gan),Facebook page located but returned no usable About/website/activity data before the session's web-search budget was exhausted — insufficient public info to verify against the ICP criteria.
המתווכים • תיווך • דרום תל אביב,"Facebook page located but content was inaccessible (truncated) and no independent verification of ownership, activity or website status could be completed — insufficient public info to verify."
גלובל נכסים - גבעתיים - רמת גן,Facebook page could not be loaded/verified (mobile link returned an error page) — insufficient public info to verify.
"מאגרי - סוכן נדל""ן",Appears to be an individual post/photo rather than an active business Page; insufficient evidence of an ongoing independent agency to qualify.
דירות בתל אביב ללא תיווך / RentinTLV / tlvrent (Facebook groups),"These are public discussion/classifieds groups, not real estate agency business pages — not a prospect."
"קהילת מתווכי הנדל""ן, מתווכים עם דרך ארץ","A professional community/discussion group, not a single agency or agent to approach."
אליעזר נכסים (Eliezer Nechasim) - Beit Shemesh,"Good website — REJECT (modern, professional, eliezer-nechasim.co.il)"
"פיור נדל""ן (Pure Nadlan) - Lod/Ramla","Good website — REJECT (modern, professional, purenadlan.co.il; also covers Amir Levi, an agent under this agency)"
"פסגות נדל""ן (Psagot) - Beit Shemesh","Good website — REJECT (modern, professional, psagotreal-estate.co.il)"
אור נכסים (Or Nechasim) - Ramla,"Good website — REJECT (or-n.co.il, 452 listings, multi-branch Shfela network)"
"H נדל""ן (H Nadlan) - Beit Shemesh","Good website — REJECT (hnadlan.co.il, 4-branch growing network)"
"נדל""ן פלוס (Nadlan Plus / RBS Realty) - Beit Shemesh","Good website — REJECT (nadlan-p.com, ~20-agent leading Beit Shemesh brokerage)"
Lemkin Realty - Beit Shemesh,"Good website — REJECT (aliyahrealty.com, 24+ year Anglo agency, 1,847 FB likes)"
"נדל""ן פרו (Nadlan Pro / אליה נזרי) - Lod-adjacent","Good website — REJECT (nadlan-pro.co.il); also actually headquartered in Tel Aviv, not a Lod-based operation"
Legacy Nadlan - Ramla,"No identifiable owner/decision-maker name found after multiple searches (Facebook, Yad2, Instagram all anonymous business-only) — cannot verify decision authority"
"W נדל""ן - Beit Shemesh","Strong activity signal (23+ reviews across 5 platforms, 4.5-5 star ratings, team of agents, no website) but no identifiable owner/manager name found anywhere — dropped rather than invent a contact name"
Nadlan2me - Beit Shemesh,"Address/phone consistently point to Beit Shemesh across several directories, but one Facebook search result tied the same brand name to a Rehovot page — dropped for city-attribution/data-mixing risk"
פלא נדלן (Pele Nadlan) - Lod,"Facebook page has only 4 likes / 1 talking about this — inactive, too small"
נדלנה (Nadlana) - Lod,Facebook page has only 2 likes / 1 talking about this — essentially inactive marketing presence
תיווך פנחס (Tivuch Pinhas) - Lod,Facebook posts stale since 2023 — inactive
"שבי שניאורסון - נדל""ן (Shevi Shneorson) - Lod","Conflicting sources: one describes her as a ""former"" Anglo-Saxon Lod franchisee, another (appcardpro.co.il) describes her as a current Anglo-Saxon franchise partner since 2012 — could not verify independent (non-franchise) status with confidence"
רון אלגרבלי (Ron Elgrably) - Lod,"Operates under the Anglo-Saxon franchise network, which maintains an established website"
מנחם אלתר (Menachem Alter) - Beit Shemesh,"Insufficient verifiable evidence of listing volume, agency scale, or branded Facebook marketing presence"
יוסי ליפש נכסים (Yossi Lipsh) - Beit Shemesh,"20+ years tenure and 5.0 rating, but no dedicated Facebook/social page could be found — fails the marketing/branding ICP criterion"
Century 21 Sunrise - Beit Shemesh,Franchise branch operating via the century21.co.il portal; no individual branch owner/manager could be identified
אל הנכס בית שמש (Al HaNeches) - Beit Shemesh,Branch of a national franchise network (18+ branches) with an established website (el-haneches.co.il)
"אילן יועצי נדל""ן והשקעות (Ilan Real Estate) - Beit Shemesh","Has an established website (ilanrealestate.com), established 2000"
יגאל נכסים (Yigal Realty) - Beit Shemesh,"Self-described ""largest brokerage in Beit Shemesh"" with a modern, professional website (yigalrealty.com)"
לירון קטן / צוות לירון קטן (Liron Katan) - Beit Shemesh,RE/MAX franchise affiliate with an existing global.remax.com agent profile page
"Asfaw Getu / AG נדל""ן - Beit Shemesh",Went independent only in April 2024 (previously 2 years at RE/MAX); Facebook page has just 23 likes — too new/junior
אבי אביזוב (Avi Abizov) - Ramla,Only a personal Facebook profile found (no business page with engagement); insufficient verifiable marketing/activity evidence
דיפסי אחמד (Dipsy Ahmad) - Lod,No Facebook page or independent activity evidence found beyond a single Yellow Pages listing
"ס.ב.תיווך נדל""ן - Lod","No owner name, no Facebook business page, and no reviews found — insufficient verifiable activity"
צבי לזר נכסים (Tzvi Lazer) - Beit Shemesh,"Company registration dated 2024 — too new to verify established deal flow, despite an owner name being available"
תיווך לילך יוסף יחזקאל - Ramla,"Thin evidence (small Facebook page, no follower/activity data); risk of confusion with an unrelated same-first-name ""Lilach"" brokerage in a different city"
יוסי תיווך (Yossi Tivuch) - Ramla,Owner's full name could not be identified; thin activity evidence
מניבים ישראל (Menivim) - Beit Shemesh,Not a local agency — a national commercial real-estate listings platform
KEY HOUSE (Eilat),"Good website — REJECT (do not include these): keyhouseeilat.co.il is a modern, professionally designed, fully functional site with testimonials, catalog, and branding."
תיווך נשיא נדלן (Eilat),"Score 67, below the 68 floor — small Facebook following (665 likes) and IG (47 followers), no verifiable listing-volume evidence beyond a couple of posts."
A.M נכסים והשקעות (Tiberias),"Score ~66, below the 68 floor — modest Facebook presence (119-165 likes across page variants), limited verifiable activity evidence beyond directory boilerplate."
"רותם מנשה שמאות מקרקעין ושירותי נדל""ן (Tiberias)","Primarily a land appraiser (שמאי מקרקעין), not an active listing agent with a property photo portfolio — poor fit for photo-enhancement/marketing-site ICP."
"דן סיגלוביץ תיווך נדל""ן (Tiberias)","No discoverable Facebook page, follower count, or independent activity evidence beyond a bare license registry entry — unverifiable marketing/business activity."
"תיווך טבריה (generic FB page, id 100030759196910)",Page is labeled 'Digital creator' with no identifiable owner/agent name or confirmable business registration — unverifiable authority and legitimacy.
"תיווך נדל""ן בית באילת (Bait Eilat)","Very small Facebook following (140 likes, 184 discussing) — insufficient marketing/brand and activity evidence to clear the floor."
תיווך קידר (Eilat),No dedicated Facebook page found despite targeted search — cannot verify marketing presence or activity level; directory-only footprint.
"Daniel Real Estate / דניאל נדל""ן (Tiberias)",Only presence found was an easy.co.il directory listing (not an independent site) with no Facebook page or activity evidence located — unverifiable business activity.
"101 נכסים (Tomer Abergil), ירושלים","Has a real, modern, professional dedicated website (101nehasim.co.il) — Good website, disqualifies under website-need criteria."
"יוריקה נכסים / Uricka Properties, ירושלים","Has a dedicated professional website (uricka.com) serving the Nachlaot area for 20+ years — Good website, reject."
"מרכז הנכסים — סניף קטמון, ירושלים","Part of a technologically advanced multi-branch franchise network with its own dedicated modern website (merkaz-h.co.il/office/katamon) — Good website via network, reject."
אנגלו סכסון ירושלים (Anglo Saxon Realty Jerusalem),"Large, long-established international franchise (~25 consultants) with an established corporate web presence — not an under-marketed independent prospect."
"קשת נדל""ן (Keshet Nadlan), ירושלים","Confirmed to be a boutique urban-renewal (pinuy-binuy) project developer advancing ~5,000 housing units, not a residential listings brokerage — poor fit for photo-enhancement-of-listings pitch, does not match ICP business type."
"מנחם אוריאל, ירושלים","Cross-referenced search shows he is affiliated with / operates under Oren Cohen Prime Real Estate Group, a larger multi-agent firm — insufficient evidence of independent decision authority (anti-ICP: franchise/group-affiliated agent)."
"יוזמה שיווק וניהול נדל""ן, ירושלים","Active office with directory presence (4.5★/8 reviews) but no owner name could be verified after extensive research — insufficient public information to confirm decision authority, per anti-ICP guidance."
"בן זמרה (סוניה ואילן), ירושלים","Has a real dedicated professional website (ben-zimra.com) — Good website, reject."
"פנינה נבנצל, ירושלים","Found to be affiliated with RE/MAX Momentum Israel (a post referenced her closing deals ""for RE/MAX Momentum"") — franchise agent likely covered by the RE/MAX corporate web presence rather than an independent, under-marketed owner."
"אליענה שיר, מודיעין","RE/MAX Gold Modiin franchise agent with an active corporate agent-profile page (remax-gold.co.il) — Good website via franchise, reject."
"ענת סביר, מודיעין (Anat Savir)","RE/MAX Gold Modiin franchise agent — franchise brand carries its own professional website presence, reject."
אלפא נכסים מודיעין (Gil Chen),"Has a modern, professional dedicated website (alfa-modiin.com), 6 consecutive years ranked a top Modiin office — Good website, reject."
"אלמוג נכסים, מודיעין (Irit Almog)","Has a modern, professional dedicated website (almog-nadlan.com) with listings, testimonials and agent bio — Good website, reject."
Down-Town מודיעין (דאון טאון),"Has a modern, professional dedicated website (dtmodiin.co.il) with full listing categories — Good website, reject."
"נחלת בנימין, מודיעין",Confirmed via press coverage that this office became the Keller Williams Modiin franchise in 2017 — now part of the international KW network with its own corporate web presence (kwisrael.kw.com); the old Nahalat Binyamin branding/Facebook page appears to be legacy. Reject as franchise-covered.
אל הנכס מודיעין (El Haneches Modiin) — Julie Argamani,"Franchisee of the El Haneches national real estate network, which operates its own corporate website (el-haneches.co.il) — franchise-covered web presence, reject."
"נדלן פרו, מודיעין (Nadlan Pro)","Has a dedicated professional website (nadlan-pro.co.il) — Good website, reject."
"דויד ניסנוב, פסגת זאב/נווה יעקב, ירושלים","Confirmed via Yad2 agency ID to be a staff broker working under Tavel Nechasim (already included as a qualified prospect via its owner Shlomo Agay), not an independent decision-maker; own Facebook page has only 53 likes — redundant and low authority."
"נדל""ן תורג'מן (Turgman Real Estate), טלפיות ירושלים","Has a dedicated professional website (nadlan-turgeman.co.il) — Good website, reject."
"מגן נדל""ן, ירושלים (Magen Real Estate)","Operates a dedicated professional website (magennadlan.co.il) — Good website, reject."
ים נדלן ירושלים (Yam Nadlan Jerusalem),"Operates a dedicated professional website (yamnadlan.com) — Good website, reject."
"YBDI יזמות נדל""ן, מודיעין","Real estate entrepreneurship/development company, not a residential listings brokerage — poor fit for the photo-enhancement-of-listings ICP."
"מניב 360, מודיעין","Real estate investment consulting/education business, not an active residential listings brokerage — poor fit for the ICP."
"תיווך תמרה יהודה, פסגת זאב ירושלים","Only a bare directory listing found (address + generic description); no owner name, Facebook page, or deal-flow evidence could be verified — insufficient public information."
"תיווך כל הפסגה — עטדגי דוד, פסגת זאב ירושלים","Only bare directory listings found across multiple sources; no Facebook page, owner confirmation beyond a surname, or deal-flow evidence — insufficient public information to verify."
משרד תיווך הרצליה פיתוח - א.א. יפית (AA Yafit),"Has real professional websites (aayafit-marina.co.il, aayafit-villa.co.il) — Good website, REJECT."
Yokra Estate - יוקרה אסטייט,"Has a real professional luxury-brokerage website (yokra-estate.co.il) run by CEO Yosi Mimran — Good website, REJECT."
"משפחת רז נדל""ן (Raz Family Real Estate)","Has a real professional website (raz-nadlan.co.il); also 7-years-running #1 Herzliya brokerage per Madlan — too established, Good website REJECT."
"שאטו נכסים (Chateau Properties, Ra'anana)","Has a real professional website (chateau-properties.co.il), founded/owned by Doron Bartel — Good website, REJECT."
איצקוביץ' נכסים (Ra'anana),"Has a real professional website (gilitzcovich.com) — Good website, REJECT."
"גולן נדל""ן (Golan Nadlan, Ra'anana)","Has a real professional website (golan-nadlan.co.il) — Good website, REJECT."
תיווך גלי תכלת (Herzliya Pituach),"Has a real website (galeitchelet.co.il) — Good website, REJECT."
Home Herzliya Pituach Real Estate,"Has a real, actively maintained bilingual website with listings (welcomehome.co.il) — Good website, REJECT."
"לידרס סוכנות תיווך נדל""ן (Herzliya)","Has a real professional website (a-leaders.co.il) — Good website, REJECT."
Landsman (רעננה),"80+ agent franchise network founded 2022 with its own professional website (landsman.co) — too large/franchise, Good website REJECT."
"ורדי נכסים (Ronen Vardi, Ra'anana)","Has a real professional website (vardirealestate.com) — Good website, REJECT."
בני מיטוקו (Ra'anana),"Has a real website (bm-home.co.il) — Good website, REJECT."
"שמרית שלום / Queen נדל""ן (Ra'anana)","Has a real professional website (queen-nadlan.co.il); co-owned with Hila Drucker — Good website, REJECT."
"גולדנהאוס (Goldenhouse, Ra'anana)","Has a real professional website (goldenhouse.co.il) — Good website, REJECT."
אודי ויטמן - אנגלו סכסון הרצליה,"Franchise agent under Anglo-Saxon's own professional network website (anglo-saxon.co.il) — franchise-level real website, REJECT; also limited independent decision authority."
"טרקלין נדל""ן KW (Herzliya and Ra'anana branches)","Keller Williams international franchise with a professional network website and brand — Good website / oversized franchise, REJECT."
תיווך משי (Herzliya),"Has a real professional website (meshynadlan.co.il), owner Tzachi Shimon — Good website, REJECT."
"בלום נכסים (Blum Nechasim, Herzliya)","Has a real website (blum-realestate.com.il), owner Eli Blum, 50-year-old firm — Good website, REJECT."
ערן סלוצקי (Eran Slutzki),"Has a real website (erannadlan.com) tied to ""סוכנות מר נדל\""ן"" — Good website, REJECT."
רפי כהן (Rafi Cohen),"Has a real website (raficohen.co.il); also actually operates in Ramat Gan/Givatayim, not Herzliya — wrong city and Good website, REJECT."
"מ.מ.מ נדל""ן (Kfar Shmaryahu)","Has a dedicated professional website — Good website, REJECT."
אורי טל נכסים (herzliya-pituach.com),"Has a dedicated professional website — Good website, REJECT."
"שעשוע קדורי ובנו (60 years, Herzliya)","Has a dedicated professional website — Good website, REJECT."
Vera Prime (Herzliya),"Has a dedicated professional website — Good website, REJECT."
M.E Real Estate (me-realestate.co.il),"Has a dedicated professional website — Good website, REJECT."
"תיווך נינוה (Ninveh, Ra'anana)","Has real websites (ninve.co.il, ninveh.net) and operates 3 branches (Ra'anana, Ramat Aviv, Tzahala) — too large/established, Good website REJECT."
"עליזה נקסים (Aliza Nakasim, Ra'anana)","Has a real website (aliza-nadlan.co.il) despite thin (61-like) Facebook — Good website, REJECT."
Raanan Nadlan (Ra'anana),"Has a dedicated professional website (raanannadlan.com) — Good website, REJECT."
קובי לוצקי / Turkiz Group (Ra'anana),"Operates under turkizgroup.co.il, confirmed to be a real, fully-functioning brokerage website with active listings, valuation tools and neighborhood guides — Good website, REJECT."
נעמי רחל טוב ולינדה אולמרט (Ra'anana),"Operate under the RE/MAX ONE franchise brand — franchise-level real website/brand presence, REJECT."
Karin Danino / Einat Barzilai (Ra'anana),"Keller Williams Ra'anana branch agents — franchise agents with no independent authority, REJECT."
"אביחי עשור (יועץ נדל""ן)",Only a single thin directory entry found; insufficient public evidence of deal flow or marketing presence to verify as a qualified prospect.
אלי דוד (Herzliya),Two small Facebook pages (64 and 177 likes) with minimal activity evidence — insufficient marketing/activity signal.
אורן בן עמי (Herzliya),"The only concrete listing found for this agent was in Tel Aviv, not Herzliya — location/activity focus could not be verified as genuinely Herzliya-based."
רינת מעוז - תיווך דירות אישי,Only directory-level presence found; insufficient evidence of deal flow or active marketing to verify as a qualified prospect.
מיטל דהרי,Publicly stated coverage area is primarily Ramat Gan and Givatayim (board member of that city's brokers association); not verifiably Herzliya-based.
שון חרפקובסקי,"Tied to a boutique firm (Lotus Nadlan) co-founded by other named individuals (Avi Dalach, Lena Charpakovsky) — decision authority/ownership could not be verified; possible junior/family-member role rather than principal."
Real Estate MYA (Ra'anana),Owner/agent's full name could not be confirmed despite multiple directory checks (only a partial first-name guess from an email address); insufficient identity verification to include.
מתן חדד (Herzliya),"Operates under an unnamed ""family real estate agency"" whose ownership structure could not be verified, and overall activity/marketing evidence was thin — fell below the quality bar after scoring."
שור נכסים רעננה / SvR Properties / NadlanisTeam,"Evidence suggests this may actually be a Netanya-headquartered multi-branch team (""our ten agents"") with a Ra'anana branch rather than a genuinely small independent local business — could not verify scale/independence."
"אחוזת הנדל""ן (Ra'anana)","Owner's name could not be determined, and the business could not be reliably disambiguated from a same-named but apparently unrelated construction-project-management firm — risk of data mixing, excluded."
Shir Grinberg (Ra'anana),"Could not confirm she operates as an independent Ra'anana-based principal rather than as an agent for a larger, possibly non-Ra'anana firm (ריל קפיטל בע""מ)."
"שפע נדל""ן רעננה","Could not disambiguate this small Ra'anana Facebook page from an unrelated, Gedera-based company of the same name that has its own website — excluded to avoid data-mixing risk."
"שלי בצר – נדל""ן כפר סבא",Already an existing client/demo site built for this business (sheli-betser-nadlan.vercel.app per internal records) — not a fresh prospect.
עדי שכטר מתווכת עצמאית,Already an existing client/demo site built for this business (adi-shechter-nadlan.vercel.app per internal records) — not a fresh prospect.
"Midtown – מידטאון שיווק נדל""ן","Has a professional, modern, functioning website (midtown-nadlan.co.il) with listings, testimonials, and blog — Good website, reject."
"פנינה בן גל נדל""ן",Has an owned professional website (ben-gal.co.il) with active property listings — reject.
"עמוס שטרית – נדל""ן",Has an owned professional website (amosnadlan.co.il) with listings and YouTube channel — reject.
"בני מיטוקו – יועץ נדל""ן",Has an owned website (bm-home.co.il) — reject.
"אבי סופר – מומחה לעסקאות נדל""ן","Keller Williams-affiliated agent with owned websites (avisoffer.co.il, soferavi.co.il) — reject."
"אור נדל""ן רמת השרון",Family-run office with an owned professional website (or-nadlan.co.il) — reject.
"מירי אופק בע""מ","Ranked #1 broker's office in Ramat Hasharon (Madlan, 4 years running) with owned website (miri-ofek.co.il) — too established/well-resourced digitally, reject."
תיווך אבידן (אבי אבידן),Has an owned website (avi-avidan.com) with active listings — reject.
שי שחר – תיווך ושיווק פרויקטים,Has an owned professional website (shaishahar.co.il) — reject.
"ארץ קדושה – נכסים תיווך וייעוץ נדל""ן",Described as a multi-agent brokerage firm ('their agents specialize...') rather than a single identifiable owner/lead agent; website domain (eretzkdosha.co.il) indexed but no longer resolving — overall evidence too weak/ambiguous to confidently qualify.
"ליאור בר עוז תיווך נדל""ן","Insufficient verified evidence of established deal flow; risk of being a newer entrant to brokerage (young, law-degree background) and potential confusion with the much larger, well-resourced Bar-Oz development group of the same surname — skipped for data-integrity caution."
"ניר לוי – יזם ויועץ נדל""ן (Real Capital)","Operates under the Real Capital franchise brand; insufficient independent evidence of listing volume, and franchise affiliation raises unresolved risk that a Real Capital-hosted page could count as a website — insufficient confidence to qualify."
ליז ורד – שיווק נכסים,"Only directory listings found (no dedicated site, consistent with candidacy) but no evidence of real estate activity volume, marketing presence, or FB engagement — too thin to score above threshold."
"הוד נכסים – תיווך נדל""ן","Based in Hod Hasharon, not Kfar Saba or Ramat Hasharon — out of scope city."
Century 21 Ramat Hasharon (רוני רוקח),International franchise brand — certain to have a well-resourced professional website; not pursued further.
"דור הרליך / שחף נכסים / ערן נכסים / מיקי נכסים / איל-נכסים / גלובוס נדל""ן (Kfar Saba directory names)","Surfaced only as names on a Kfar Saba brokers directory listing; further web research was blocked by search CAPTCHA / rate limits before authority, activity, or website status could be verified — excluded rather than guessed."
"רחלי — יועצת אישית, נדל""ן רמת השרון והסביבה",Could not reliably distinguish this candidate from a similarly-named agent in a different city (Ramat Gan); insufficient verified location-specific evidence.
"שי אריאלי יועץ נדל""ן / ליאת ענבר (RE/MAX Kfar Saba)","RE/MAX-franchised agents; skipped due to unresolved ambiguity over whether RE/MAX-provided agent pages should count as an owned website, and lower likely independence/authority under a large franchise brand."
"גיא פלד / GP Realty (gprealty.co.il), פתח תקווה","Good website — modern, professional agency site with active blog and multi-neighborhood coverage."
"הום נדל""ן (Naor Adri), פתח תקווה","Good website — modern homenadlan.co.il with search filters, calculators, active social channels."
"נקסט האוס נדל""ן (אביעד ממן), פתח תקווה","Good website — modern, professional nexthouse.co.il with clear navigation, testimonials, educational content."
"נדל""ן חכם (ג.ע. ייזום בע""מ)","Has a real website (multiple domains: nadlanhaham.com, eng.nadlan-haham.co.il) and FB page geolocated to Tel Aviv, not Petah Tikva/Rishon LeZion."
"מרום טים נדל""ן, ראשון לציון","Good website — modern marom-team.co.il with active blog, testimonials, ~20 years positioning."
"אוונטורין נדל""ן, ראשון לציון","Good website — modern aventurine.co.il with property search filters, neighborhood guides, 4.8-rated listing."
"לידרס נדל""ן","Good website (a-leaders.co.il) and actually based in Herzliya/Ra'anana, not Rishon LeZion — location mismatch plus strong site."
"הבלוק סוכנות לנדל""ן (Ha'Block), ראשון לציון",Good website — modern nadlanhablock.com; self-described top-3 brokerage in the city.
"יאן שובייב נדל""ן (RE/MAX), פתח תקווה",Good website (yanadlan.co.il) and operates under the RE/MAX franchise brand.
"אתי יצחק - יועצת ומשווקת נדל""ן, פתח תקווה",Good website — modern etiizhak.co.il with testimonials and clear service list.
ניסן אילון - מתווך בפתח תקווה,"Good website — modern nisan-ayallon.com, professional branding and boutique positioning."
"צ'ארלי חן, RE/MAX עוצמה, ראשון לציון",Franchise agent (RE/MAX) with a corporate profile website — no independent decision authority for this purpose.
"חמישה יועצי נדל""ן, ראשון לציון","Multi-agent network (2 branches, several consultants) with no single clearly provable owner/decision-maker, and an existing (bot-protected but apparently live) website at 5nadlan.co.il."
"הר-אל נדל""ן (שי ישועה), פתח תקווה","No website found, but the agency's ad.co.il listing showed zero active properties and no other deal-flow evidence could be confirmed — insufficient evidence of real activity."
"אסף רייכר, פתח תקווה","Insufficient public information to verify current deal flow, marketing activity, or follower engagement beyond a bare FB page title."
"איציק סמגין - יועץ נדל""ן, פתח תקווה","Appears to operate as an advisor within the 'מרכז הנדל""ן' (Nadlan Center) network/franchise rather than as an independent owner — decision authority unclear."
"ענק הנדל""ן, ראשון לציון","Business is focused on urban-renewal/pinuy-binuy project marketing and construction, not residential listing brokerage — off-ICP for photo-enhancement use case; also has an existing (if dated) website."
"דור כהן, סוכן נדל""ן, ראשון לציון",Facebook page appears very newly created with minimal content/history — insufficient evidence of established deal flow (anti-ICP: too new).
"רועי רינט נדל""ן, ראשון לציון",Owns a dedicated domain (rint-nadlan.com) but repeated fetch attempts could not reliably render page content to confirm website quality — excluded rather than guess.
"נדל""ן עסקי מסחרי (שחף), פתח תקווה","Commercial real estate investment/trade business, not residential brokerage — off-ICP."
"HomeRun תיווך ויזמות נדל""ן (Holon)","Good website — REJECT (homerunadlan.co.il, ranked #1 on Madlan for Holon, 10 years/300+ transactions)."
"זמיר נדל""ן (Holon/Bat Yam)","Good website — REJECT (zamirnadlan.co.il, professional multi-page site, established 2004, 8 agents)."
תיווך תרשיש (Holon/Bat Yam),"Good website — REJECT (broker-t.co.il, established 2014)."
"דניאל חסידים נדל""ן (Holon)",Good website — REJECT (danielhasidim.com); also affiliated with RE/MAX Avenue.
"ערן דרורי נדל""ן (Holon)",Good website — REJECT (eran-drory.co.il); part of the Keller Williams franchise network.
"אבניו נדל""ן / רימקס אבניו (Holon)","Good website — REJECT (avenue-nadlan.co.il); RE/MAX franchise, 'hundreds of referrals' per directory tagline."
נדלן פרו (Bat Yam/Givatayim),Good website — REJECT (nadlan-pro.co.il).
קלר וויליאמס בת ים (Keller Williams Bat Yam),National franchise with corporate web presence — REJECT.
רימקס - מתן עזרא (Bat Yam),RE/MAX franchise — REJECT (franchise agents carry the network's site/profile).
שיא מרכז / רי-מקס שיא - קרול אליאב (Bat Yam),Confirmed to actually be a RE/MAX Shia franchise location — REJECT.
"מרכז הנדל""ן (Bat Yam)","Good website — REJECT (merkazhanadlan.com), 30+ years, established company."
"אור הנדל""ן / אור נכסים (Holon/Bat Yam)","Ambiguous conflation risk with a larger, separate company (אור נכסים, or-n.co.il, primarily Shephela/Rehovot-based) — could not confirm this is a distinct, local owner-operated agency without further research, so skipped to avoid mixing data between agencies."
"נתנאל שירותי נדל""ן (Holon)","Ambiguous conflation risk with the much larger, unrelated 'Netanel Group' (50-year real estate group) — could not confirm this small FB page is a distinct entity, skipped to avoid data-mixing errors."
חי נכסים (Bat Yam),"Strong activity signal ('leading office,' many years, luxury/commercial/plots) but no publicly identifiable owner or lead-agent name found in any source checked — fails the decision-authority bar as verified."
"Bcity שירותי נדל""ן (Holon/Bat Yam)",No identifiable owner/lead-agent name found publicly; insufficient info to verify decision authority.
תיווך המרכז בת ים,"7 verified reviews and an active FB page show real activity, but no owner/lead-agent name found in any source — insufficient info to verify decision authority."
"שי מרום - יועץ נדל""ן (Bat Yam)",Insufficient public information gathered within available research budget to verify activity or authority.
"נדל""ן פלוס (Holon)",Insufficient public information gathered within available research budget.
"יובל טגליכט - יועץ נדל""ן (Holon/Bat Yam)",Cross-referenced content suggests he may operate under Eran Drory's Keller Williams team rather than independently — decision authority as an independent owner could not be established.
"ענת גרונדמן - יעוץ ושיווק נדל""ן (Holon)",Appears to operate as a consultant under a project-marketing company ('Yesodot') rather than as a fully independent owner; insufficient deal-flow evidence to clear the quality bar (score ~62/100).
"רומנו מזרחי תיווך ושיווק נדל""ן (Givatayim)",Ambiguous whether 'Romano' and 'Mizrahi' represent one or two people; insufficient activity evidence beyond the FB page name (score ~60/100).
"חיים בנדל""ן (Givatayim)",Only a first name ('Haim') could be confirmed; insufficient evidence of authority or activity.
נדלן משתלם (Givatayim),No identifiable owner/lead-agent name found publicly.
פילו נדלן (Givatayim),No identifiable owner/lead-agent name found; insufficient information within available research budget.
"נדל""ן אנושי (Givatayim)",No identifiable owner/lead-agent name found; insufficient information within available research budget.
תיווך וונדרלנד (Givatayim),No identifiable owner/lead-agent name found; insufficient information within available research budget.
קבוצת רם - רמי גמרי (Holon),"Domain ramgroup.co.il returned an active (403 Forbidden, i.e. real/live) response rather than a DNS failure — precautionary reject given risk of an existing professional web presence that could not be fully inspected."
"אלמלם נדל""ן - שמעון אלמלם (Bat Yam)","Name confirmed via FB handle and directory, but marketing/activity evidence is too thin to clear the quality bar (score ~60/100)."
"אדיר נדל""ן (Bat Yam/Givatayim)","Established 2002, licensed, but no owner name found in any source; insufficient evidence to verify decision authority (score ~57/100)."
מקסים נכסים (Bat Yam),Established 1999 but no owner name found and activity evidence too thin (score ~55/100).
"מתן נסטל נדל""ן (Givatayim)",Named owner but marketing/activity evidence too thin to clear the quality bar (score ~58/100).
רון ניסים - תיווך מוצא ניסים (Givatayim),Named owner but essentially no other evidence found; insufficient to verify activity (score ~55/100).
"BuyHome ביי הום שיווק נדל""ן (נתניה)","Good website — buy-home.co.il is a real, functioning, professional agency site (REJECT per website-need criteria)."
אורייה ישראל – דירות למכירה בנתניה,"Good website — oriya-realestate.co.il is a real, functioning agency site (REJECT)."
"Landsman – לנדסמן נתניה סוכנות נדל""ן","Insufficient public info to verify decision authority or deal-flow activity; the domain implied by the page's Facebook username (maxhome.co.il) failed to resolve/connect, which is inconclusive rather than confirmatory. Could not verify before search tools became unavailable."
"RealEstate4U נדל""ן בנתניה","Insufficient public info to verify — page found but no About text, follower count, owner name, or activity evidence could be retrieved."
"G.O תיווך נדל""ן (נתניה)",Insufficient public info to verify — no corroborating detail found beyond the page title.
"משרד תיווך נדל""ן M.Y (נתניה)","Page returned a server error on every fetch attempt; could not verify identity, authority, or activity."
Gabi Shushan – Re/max Blue White Netanya,Franchise agent under Re/max; no independent decision authority confirmed and the franchise brand likely has its own professional website.
Viki Ben Haim – Re/max Blue White Netanya,Franchise agent under Re/max; same reasoning as above.
"בראשית נדל""ן נתניה (Bereshit)","No individual owner or lead-agent name could be identified in any public source checked (only a generic office phone/email); the page appears to be one branch of a larger multi-city 'Bereshit Group,' so decision authority could not be established."
אנגלו סכסון הוד השרון,National real-estate franchise (Anglo-Saxon); presumed to have a professional corporate website and no independently-verifiable local owner authority.
מנדי טל – Re/max הוד השרון,Franchise agent under Re/max; no independent decision authority confirmed.
טופ נכסים (הוד השרון),Insufficient public info to verify — could not complete research before search tools became unavailable mid-session.
"נדב נגה – תיווך נדל""ן","Insufficient public info to verify — only a page title was found, no About text, follower count, or activity evidence."
"יפית נדל""ן (הוד השרון)","Insufficient public info to verify — only a page title was found, no corroborating detail."
"קבוצת נדל""ן בשרון (KNB)",Appears to be a multi-agent network/group brand rather than a single owner-operator; no individual decision-maker identified.
Yokra Estate תיווך יוקרה אסטייט,"Nationwide luxury brokerage network ('בכל הארץ'), not a Caesarea-specific single owner-operator; no local individual authority identified."
"פרץ נכסי נדל""ן (קיסריה)","Insufficient public info to verify — Facebook page and prospective website could not be rendered/resolved; no owner name, follower count, or activity evidence obtained."
"נאות גולף קיסריה – איריס נדל""ן בע""מ","Insufficient public info to verify — page found (villas/homes in Golf Estates Caesarea) but no owner name, follower count, website check, or activity evidence could be confirmed."
Tova Bar Luxury Real Estate (קיסריה),"Insufficient public info to verify — personal-brand page name found but no About text, follower count, or activity evidence obtainable."
דני דר-אל קיסריה נכסים,"Rejected for a data-integrity concern: the Facebook page is titled 'דני דר-אל' but a search snippet described the same page as belonging to a differently-named person ('Dani Aviton'); the discrepancy could not be resolved with available tools, so no reliable facts could be confirmed about this candidate."
Caesarea Real Estate Company,"Confirmed active luxury-villa marketing content (sea-view villa post with pool/outdoor kitchen) but no owner or lead-agent name could be identified anywhere in public sources checked, so decision authority could not be established."
נכסי קיסריה – Caesarea Estates Realty,"Insufficient public info to verify — only a page title was found, no owner name, follower count, or activity evidence."
וילות ובתי יוקרה בקיסריה / בתים למכירה בקיסריה / וילות למכירה בקיסריה / וילות להשכרה בקיסריה,"Generic property-marketplace/listing page names, not an identifiable single agency owner — do not match the ICP of a named owner-operator."
"נדל״ן בקיסריה (מכירה קניה והשכרה) / קיסריה שלי נדל""ן","Facebook groups, not business/agency pages — not applicable to the ICP."
"באר הנדל""ן (יאיר אסולין), רחובות","Has its own professional, modern, actively-maintained website (wellestate.co.il) — Good website, reject per criteria."
"שייבה נדל""ן, רחובות","Has its own professional, modern website (sheiba.co.il) with property photography, blog and testimonials — Good website, reject."
"דיור פלוס, רחובות","Has a sophisticated, professionally-maintained website (diur-plus.co.il) with 3D renderings and project showcases — Good website, reject."
פריד סעיד - משרד תיווך בחיפה,"Has a legitimate, professionally-maintained website (faridsaeed.co.il) with blog, calculators and current listings — Good website, reject."
"Richi Real Estate (ריצ'י נכסים), חיפה","Has a modern, professionally-designed bilingual website (richirealty.com) with quality photography — Good website, reject."
"טופ נדל""ן, נס ציונה","Has a competent, modern website (top-nadlan.co.il) with structured content, testimonials and scheduling integration — Good/professional website, reject."
"בני מיטוקו, אשדוד",Weak marketing signal (Instagram only ~106 followers); owns a website domain (bm-home.co.il) that could not be verified but the overall profile is too thin to justify inclusion.
"אמסי נדל""ן, אשדוד",No single identifiable owner/decision-maker found; modest Facebook following (547 likes); described as a multi-agent marketing group rather than an individual-led business.
"בית הנדל""ן חיפה",Operates as a larger multi-branch brokerage network (Haifa + Rishon LeZion) with no single identifiable owner — fails decision-authority criteria.
"בועז פרי - יועץ ומשווק נדל""ן, חיפה",Facebook page shows only ~12 likes — insufficient evidence of active marketing presence or deal flow.
"וואן נדל""ן, אשדוד",Strong following (11K Instagram) but multiple agents work under the office and no single owner/decision-maker could be identified publicly — fails decision-authority criteria.
"איתן קראוס נדל""ן אונליין","His Facebook page identifies his base as Tel Mond, not Rehovot, despite directory listings mentioning Rehovot as a service area — location too ambiguous to confidently classify as a Rehovot prospect."
"עומרי בוזגלו - סוכן נדל""ן, רחובות","Strong Facebook following (6,288 likes) but already owns a dedicated website domain (omribuzaglo.co.il); site could not be accessed to verify quality (403 error), and the level of existing marketing investment suggests likely reasonable site — too risky to include without verification."
"ג'ניה קגן - יועץ ומשווק נדל""ן, חיפה","Active Facebook poster but no verifiable follower count, listing volume, or deal-flow evidence could be found via public search — insufficient public info to verify."
"דנהנדל""ן (DanandLan) — Ashkelon",Good website — REJECT (danandlan.co.il is modern and professional)
"אפיקי נדל""ן (Afikei Nadlan) — Rosh HaAyin",Good website — REJECT (afikeynadlan.co.il is modern and professional)
"קבוצת נדל""ן 360 - דודי חלילי (Nadlan Group 360) — Rosh HaAyin",Good website — REJECT (nadlangroup360.co.il is modern and professional)
"ארזי נדל""ן - שלומי ארזי (Arazi Nadlan / as-nadlan.co.il) — Rosh HaAyin","Good website — REJECT (as-nadlan.co.il is modern and professional, confirmed via proxy fetch)"
מיכאל מסטר - מאסטר נכסים (Michael Master) — Ashkelon,Good website — REJECT (apartmentsashkelon.co.il is modern and professional; also RE/MAX-affiliated)
ליאון חורסנוב - RE/MAX Promise (Leon Hursanov) — Ashkelon,Good website — REJECT (leonhursanov.co.il is modern and professional; RE/MAX franchise agent)
צופית נכסים - צופית שרפי (Tzofit Sharfi) — Rosh HaAyin,Good website — REJECT (tsofits.co.il is modern and professional with high-quality photos)
איצקוביץ נכסים (Gili Itzcovich Properties) — Rosh HaAyin,"Good website — REJECT (gilitzcovich.com is modern and professional); also a multi-city chain (Ra'anana, Herzliya, Kfar Saba, etc.), not a single independent local agency"
"Landsman — Psagot Afek, Rosh HaAyin",Part of a national franchise network (180+ agents) with a professional corporate website (landsman.co); local office owner/decision-authority could not be identified
"קלאס נכסים - אבי סוזי בע""מ (Class1 / Klass Nechasim) — Rosh HaAyin","Good website — REJECT (class1.co.il is modern and professional); headquartered in Petach Tikva as a multi-city new-projects marketing center, not a Rosh HaAyin-specific independent agent"
אנגלו-סכסון (Anglo-Saxon) / עופר עמר — Ashkelon,"National franchise chain with a professional corporate website (anglo-saxon.co.il); agent is staff, not an independent decision-maker"
RE/MAX Promise — Ashkelon,National franchise chain with professional corporate website/marketing
"טופ נדל""ן - רוני שמר (Top Nadlan) ","Based in Rishon LeZion/Ornit, not Ashkelon or Rosh HaAyin — location mismatch"
NS.Nadlan Group — Rosh HaAyin,"Commercial real estate location-scouting/portfolio firm, not a residential listing agent — poor fit for photo-enhancement ICP"
Sol Zaidi (RE/MAX) — Rosh HaAyin,"Already has an active website (RE/MAX-affiliated); also hosted on a vercel.app subdomain similar to our own template output, adding conflict risk"
"מרכז הנדל""ן - דב ברייר (Merkaz HaNadlan / Dov Breyer) — Ashkelon","Only 5 Facebook likes found — inactive/minimal social presence, fails marketing/activity bar"
"""משה"" (Moshe) — Midrag directory, Ashkelon","Only a first name available via directory; no verifiable full identity, Facebook page, or activity evidence found"
"""אלכס"" (Alex) — Midrag directory, Ashkelon","Only a first name available via directory; no verifiable full identity, Facebook page, or activity evidence found"
צמד-חן תיווך נכסים (Tzemed-Chen) — Ashkelon,"No verifiable owner name, Facebook page, or follower/activity evidence found despite searching"
תיווך עינן (Einan Brokerage) — Ashkelon,No verifiable owner name or dedicated Facebook business page found; only a private Facebook group reference
אבי גוילי מתווכים (Avi Guili Brokers) — Ashkelon,Facebook page exists but no follower count or listing-activity evidence could be found despite searching
מרכז התיווך (Merkaz HaTivuch) — Ashkelon,Ownership unclear (only a tentative first name found); no verifiable follower count or activity evidence
תיווך יישוב הארץ - לוי (Yishuv HaAretz / Levi) — Ashkelon,No verifiable follower count or listing-activity evidence found despite a Facebook page existing
וואן הום (One Home) — Rosh HaAyin,"No verifiable owner name, follower count, or listing-activity evidence found"
תיווך ראש העין (053-2771737) — Rosh HaAyin,Multiple unclear agent names (Amir/Giora) with no single verifiable owner or follower count
תיווך 2000 — Rosh HaAyin,No verifiable owner name or follower count found; only a Facebook group reference
שוקי - נכסים והשקעות (Shuki) — Rosh HaAyin,No dedicated Facebook business page found; insufficient marketing/activity evidence
אור פרץ (Or Peretz) — Rosh HaAyin,Facebook page exists but follower count and listing-activity evidence could not be verified
יעקבי נכסים (Yaakovi Nechasim) — Rosh HaAyin,"Facebook profile exists but no follower count, owner full name, or activity evidence could be verified"
אלוני נכסים (Aloni Nechasim) — Rosh HaAyin,Search results conflated this with an unrelated company (Alony Hetz holding group) — dropped for data-integrity risk; ownership unclear
"אקספו נדל""ן (Expo Nadlan) — Rosh HaAyin","National franchise network, not an independent local agency"
Century 21 Empire — Ashkelon,National franchise chain
משרד תיווך פעמון 21 (Paamon 21) — Ashkelon,"No verifiable owner name, Facebook page, or activity evidence found"
תיווך הלל / Hillel Real Estate — Ashkelon,"Address/phone found via directory but no verifiable owner name, Facebook page, or activity evidence found"
"נאור נדל""ן - נאור טרבלסקי (Naor Real Estate) — Ashkelon",No verifiable Facebook page or follower/activity evidence found despite a strong directory rating (5.0/20 reviews)
"מרכז הנדל""ן (International) / אינטרנשיונל — Ashkelon","No verifiable owner name, Facebook presence, or activity evidence found"
"פריים נדל""ן","Own domain prime-nadlan.co.il is live and functioning (About page confirms owner Ronen Nissan, ~9-agent team) — real website, fails no-website test."
תיווך יאיר (Yair Real Estate),"Own domain ashkelonnadlan.co.il is live with active sale/rental listings — real website, fails no-website test."
"אריק פישר - תיווך ושיווק נדל""ן","Own domain arik-nadlan.co.il is live and functioning — real website, fails no-website test. (Duplicate entry of rank 69, same person/site under a different city/agency-name variant.)"
"צעדים - נדל""ן ופיננסים","Own domain tseadim.com is live (Hebrew version functional) — real website, fails no-website test."
הוד נכסים (Hod Nechasim),"Own domain hod.co.il is a real, functioning site with property search and agent profiles — fails no-website test."
תיווך הוגן ומשכנתאות,"Own domain tivuhogen.com is live (amateur quality but functioning) — real website, fails no-website test."
"שי תיווך נדל""ן ויזמות (Shai Toyzer)","Own domain shairealestate.com is live (basic Wix template but functioning) — real website, fails no-website test."
"תיווך ושיווק נדל""ן - אריק פישר","Own domain arik-nadlan.co.il is live and functioning — real website, fails no-website test. (Duplicate entry of rank 37, same person/site under a different city/agency-name variant.)"
תיווך הכהנים,"Own domain cohensrealestate.com is live with working search/filters — real website, fails no-website test."
"הראשונים בנדל""ן - M&E Group","Own domain nadlanrishonim.co.il is live (janky/broken elements but loads real listing content) — real website, fails no-website test."
"אלעד גורל – מר נדל""ן","Own domain eladgoral.co.il is live and functioning (modern framework, just needs polish) — real website, fails no-website test."
"פסגות הכרמל נדל""ן","Confirmed via fresh search: official site is psagothacarmel.com (license #030827296, phone 077-997-2270 / 050-950-5010) — real website, fails no-website test."
"נדלן IN ניהול בע""מ",MADLAN_PRESENT — madlan.co.il/agentsOffice/re_office_hw2ow7MOKju
דירות למכירה במודיעין — צוות חן ורועי,MADLAN_PRESENT — madlan.co.il/agentsOffice/re_office_AUgksgp4Ou1wJ
ירין בן דוד – טלי בן דוד תיווך ושיווק נכסים,MADLAN_PRESENT — madlan.co.il/agentsOffice/re_office_cNwWyJHeDUX
בית ונכס,MADLAN_PRESENT — madlan.co.il/agent/re_agent_dC9Tfwz3HYP
"דרור אוזן - יועץ נדל""ן",MADLAN_PRESENT — madlan.co.il/agentsOffice/re_office_eWhHN2LWtKi
"ענר נדל""ן (אלעד ביטון נדל""ן)",MADLAN_PRESENT — madlan.co.il/agentsOffice/re_office_wg6MYqcK15
תיווך ת.ק.מ ירושלים (T.K.M),MADLAN_PRESENT — madlan.co.il/agentsOffice/re_office_iG6CJu2TnnA
אופיר אלבז - דירות למכירה בראשון לציון,MADLAN_PRESENT — madlan.co.il/agent/re_agent_bsh3tEtNpv0
"ליה נדל""ן",MADLAN_PRESENT — madlan.co.il/agentsOffice/re_office_iziA2yICYp6
"אקסלנט נדל""ן (Excellent Real Estate)",MADLAN_PRESENT — madlan.co.il/agentsOffice/re_office_eGqjNK4LzCh
סימה בתים יפים,HAS_WEBSITE
תיווך אבי נכסים,MADLAN_PRESENT — madlan.co.il/agent/re_agent_ytiWvxmOlk
אלון נכסים,HAS_WEBSITE
אבי הראל נכסים והשקעות (Avi Harel Nechasim VeHashkaot),MADLAN_PRESENT — madlan.co.il/agentsOffice/re_office_8bgp1D1LtW1jw
אור בבית — תיווך עם חיוך,MADLAN_PRESENT — madlan.co.il/agentsOffice/re_office_e6F1VbPZEt
ליה נכסים,MADLAN_PRESENT — madlan.co.il/agentsOffice/re_office_iziA2yICYp6
"בית בלב - עסקי נדל""ן",HAS_WEBSITE
"עוצמה — ייעוץ משכנתאות ונדל""ן",MADLAN_PRESENT — madlan.co.il/mortgage-office/bbef68d2-dbfc-40f9-a8cd-7b2e45cc35b0
תיווך שכונת התקווה - תומר שרעבי,HAS_WEBSITE
סנטרל לוקיישן — שימי חובב (Central Location),HAS_WEBSITE
"הדר לוסטיג נדל""ן",MADLAN_PRESENT — madlan.co.il/agentsOffice/re_office_i7HTee0udGo
זרקו נכסים,MADLAN_PRESENT — madlan.co.il/agentsOffice/re_office_dIL3NNKzue1
"אוריאלי השקעות נדל""ן",MADLAN_PRESENT — madlan.co.il/agentsOffice/re_office_f1LoDvthhmi
"אפיקי מרום שירותי נדל""ן",MADLAN_PRESENT — madlan.co.il/agent/re_agent_coOGQG056t6
תיווך לילך רמת השרון (לילך ביטון),MADLAN_PRESENT — madlan.co.il/agentsOffice/re_office_56eN3nWpmC
"גולד קי נדל""ן (Gold Key Real Estate)",MADLAN_PRESENT — madlan.co.il/agentsOffice/re_office_hQ9uhc5uvY8
House in - משרד תיווך,MADLAN_PRESENT — madlan.co.il/agentsOffice/re_office_cqHI7mQ1jS3
"נח קליין נדל""ן ותיווך",HAS_WEBSITE
"גלית סעדון - שיווק, תיווך נכסים ופרויקטים",MADLAN_PRESENT — madlan.co.il/agent/re_agent_bdG1eHuFK5L
יהלום נכסים (Yahalom Nechasim),MADLAN_PRESENT — madlan.co.il/agent/re_agent_baO09vqqOYn
"לירון זלאיט - סוכן נדל""ן ראש העין",MADLAN_PRESENT — madlan.co.il/agent/re_agent_gwcm2SZ1YXl
דירות למכירה בראשון לציון והסביבה - אריאל רוזנטל,MADLAN_PRESENT — madlan.co.il/agentsOffice/re_office_bTCyyN7ybwD
Gold House נכסים,MADLAN_PRESENT — madlan.co.il/agent/re_agent_gjXLSY0RqgL
ארז נכסים (Erez Real Home),MADLAN_PRESENT — madlan.co.il/agentsOffice/re_office_ecDcGTy8kiA
"אייקון נדל""ן (בתים למכירה ברמת השרון)",MADLAN_PRESENT — madlan.co.il/agentsOffice/re_office_iUUvaarNKP
"קבוצת טרי לחמי נדל""ן (TERRY Lahmi Group)",MADLAN_PRESENT — madlan.co.il/agentsOffice/re_office_iMOnwqdVBf8
תיווך נכסים בתל אביב - שי שחק,MADLAN_PRESENT — madlan.co.il/agentsOffice/re_office_NzPpvt2TFE
BarHome - Boutique Brokers (גיא ברהום),MADLAN_PRESENT — used as identity source (madlan.co.il/agent/...) before rule existed; demo already deployed but excluded from outreach
שי נכסים – הראשון ברמת השרון,MADLAN_PRESENT — used as identity source (madlan.co.il/agent/...) before rule existed; demo already deployed but excluded from outreach
"עופר נדל""ן",MADLAN_PRESENT — madlan.co.il/agentsOffice/re_office_fulcUA6FvXN
"ליאור בר עוז - תיווך נדל""ן",MADLAN_PRESENT — madlan.co.il/agent/re_agent_ineDjAcENIK
,אסנת ניניו - נדל"ן בהרצליה ורמת השרון,אסנת ניניו,GATE_D_WEBSITE,"FB page About lists live website nadlanham.co.il — disqualified, has existing site"
,מאיר דינר - מתווך נדל"ן,מאיר דינר,GATE_A_RECENCY,"Most recent FB post 14 Dec 2024, no newer activity found — stale >6mo"
,אלמות נדל"ן,איתי כהן,GATE_D_WEBSITE,"FB page Links field shows itay-cohen.co.il — owner has own branded website"
,יפעת - יועצת ומשווקת נדל"ן (חיפה),יפעת,GATE_A_RECENCY,"Only visible/pinned post dated 15 June 2024, no confirmed activity within 6 months"
,המיטב בנדל"ן,יגאל ידין,GATE_A_RECENCY,"Most recent regular post 17 September 2025, ~11mo stale — fails 6mo recency gate"
